{
  "arabic": "ar",
  "bosnian": "bs",
  "bulgarian": "bg",
  "catalan": "ca",
  "czech": "cs",
  "danish": "da",
  "english": "en",
  "german": "de",
  "greek": "el",
  "spanish": "es",
  "finish": "fi",
  "french": "fr",
  "hebrew": "he",
  "croatian": "hr",
  "hungarian": "hu",
  "indonesian": "id",
  "italian": "it",
  "japanese": "ja",
  "georgian": "ka",
  "korean": "ko",
  "malay": "ms",
  "norwegian": "no",
  "lithuanian": "lt",
  "latvian": "lv",
  "dutch": "nl",
  "polish": "pl",
  "portuguese": "pt",
  "brazillian portuguese": "pt-br",
  "romanian": "ro",
  "russian": "ru",
  "slovak": "sk",
  "slovenian": "sl",
  "serbian": "sr",
  "swedish": "sv",
  "thai": "th",
  "turkish": "tr",
  "vietnamese": "vi",
  "chinese simplified": "zh-cn",
  "chinese traditional": "zh-tw",
  "العربية": "ar",
  "bosanski": "bs",
  "български": "bg",
  "català": "ca",
  "čeština": "cs",
  "dansk": "da",
  "deutsche": "de",
  "ελληνικά": "el",
  "español": "es",
  "suorittaa loppuun": "fi",
  "français": "fr",
  "francais": "fr",
  "עִברִית": "he",
  "hrvatski": "hr",
  "magyar": "hu",
  "indonesia": "id",
  "italiano": "it",
  "日本語": "ja",
  "한국인": "ko",
  "melayu": "ms",
  "norsk": "no",
  "lietuviškai": "lt",
  "latvijas": "lv",
  "nederlands": "nl",
  "polskie": "pl",
  "português": "pt",
  "português brazillian": "pt-br",
  "română": "ro",
  "русский": "ru",
  "slovenský": "sk",
  "slovenski": "sl",
  "српски": "sr",
  "svensk": "sv",
  "ไทย": "th",
  "türk": "tr",
  "tiếng việt": "vi",
  "简体中文": "zh-cn",
  "中國傳統的": "zh-tw"
}
